{"gradients/linear.bias": {"_type": "histogram", "values": [0.0, 0.0, 0.0, 0.0, 0.0, 0.0, 0.0, 0.0, 0.0, 0.0, 0.0, 0.0, 0.0, 0.0, 0.0, 0.0, 0.0, 0.0, 0.0, 0.0, 0.0, 0.0, 0.0, 0.0, 0.0, 0.0, 0.0, 0.0, 0.0, 0.0, 0.0, 0.0, 1.0, 0.0, 0.0, 0.0, 0.0, 0.0, 0.0, 0.0, 0.0, 0.0, 0.0, 0.0, 0.0, 0.0, 0.0, 0.0, 0.0, 0.0, 0.0, 0.0, 0.0, 0.0, 0.0, 0.0, 0.0, 0.0, 0.0, 0.0, 0.0, 0.0, 0.0, 0.0], "bins": [0.0, 0.0, 0.0, 0.0, 0.0, 0.0, 0.0, 0.0, 0.0, 0.0, 0.0, 0.0, 0.0, 0.0, 0.0, 0.0, 0.0, 0.0, 0.0, 0.0, 0.0, 0.0, 0.0, 0.0, 0.0, 0.0, 0.0, 0.0, 0.0, 0.0, 0.0, 0.0, 0.0, 0.0, 0.0, 0.0, 0.0, 0.0, 0.0, 0.0, 0.0, 0.0, 0.0, 0.0, 0.0, 0.0, 0.0, 0.0, 0.0, 0.0, 0.0, 0.0, 0.0, 0.0, 0.0, 0.0, 0.0, 0.0, 0.0, 0.0, 0.0, 0.0, 0.0, 0.0, 0.0]}, "_timestamp": 1654567568, "_runtime": 6296, "gradients/linear.weight": {"_type": "histogram", "values": [1.0, 0.0, 0.0, 0.0, 0.0, 0.0, 0.0, 0.0, 1.0, 1.0, 0.0, 0.0, 0.0, 0.0, 0.0, 0.0, 0.0, 14.0, 8.0, 0.0, 0.0, 5.0, 18.0, 0.0, 8.0, 6.0, 11.0, 6.0, 0.0, 17.0, 7.0, 13.0, 14.0, 42.0, 94.0, 129125.0, 356.0, 62.0, 15.0, 36.0, 11.0, 0.0, 9.0, 1.0, 5.0, 21.0, 4.0, 4.0, 0.0, 25.0, 0.0, 0.0, 0.0, 14.0, 0.0, 0.0, 0.0, 0.0, 0.0, 0.0, 0.0, 0.0, 0.0, 1.0], "bins": [-0.0017850135918706656, -0.0017353127477690578, -0.0016856117872521281, -0.0016359109431505203, -0.0015862099826335907, -0.001536509138531983, -0.001486808294430375, -0.0014371073339134455, -0.0013874063733965158, -0.001337705529294908, -0.0012880045687779784, -0.0012383037246763706, -0.001188602764159441, -0.0011389019200578332, -0.0010892010759562254, -0.0010395001154392958, -0.000989799271337688, -0.0009400983690284193, -0.0008903974667191505, -0.0008406966226175427, -0.0007909956621006131, -0.0007412948179990053, -0.0006915939156897366, -0.0006418930133804679, -0.0005921921692788601, -0.0005424912669695914, -0.0004927903646603227, -0.0004430894914548844, -0.0003933885891456157, -0.000343687686836347, -0.00029398681363090873, -0.00024428591132164, -0.00019458506722003222, -0.0001448841649107635, -9.518327715341002e-05, -4.548238939605653e-05, 4.21851291321218e-06, 5.391941522248089e-05, 0.00010362028842791915, 0.00015332119073718786, 0.0002030221512541175, 0.0002527230535633862, 0.0003024239558726549, 0.00035212482907809317, 0.0004018257313873619, 0.0004515266336966306, 0.0005012275069020689, 0.0005509284092113376, 0.0006006292533129454, 0.0006503301556222141, 0.0007000310579314828, 0.0007497319020330906, 0.0007994328625500202, 0.000849133706651628, 0.0008988346089608967, 0.0009485355112701654, 0.000998236471787095, 0.0010479373158887029, 0.0010976382764056325, 0.0011473391205072403, 0.00119704008102417, 0.0012467409251257777, 0.0012964417692273855, 0.0013461427297443151, 0.001395843573845923]}, "gradients/h.weight": {"_type": "histogram", "values": [1.0, 0.0, 0.0, 0.0, 0.0, 0.0, 0.0, 2.0, 0.0, 1.0, 0.0, 1.0, 0.0, 1.0, 0.0, 0.0, 0.0, 1.0, 0.0, 0.0, 1.0, 0.0, 0.0, 1.0, 0.0, 0.0, 1.0, 0.0, 0.0, 0.0, 1.0, 0.0, 0.0, 0.0, 0.0, 0.0, 0.0, 0.0, 0.0, 1.0, 0.0, 1.0, 0.0, 0.0, 0.0, 0.0, 0.0, 1.0, 0.0, 0.0, 0.0, 0.0, 0.0, 1.0, 0.0, 0.0, 0.0, 0.0, 0.0, 0.0, 0.0, 0.0, 0.0, 1.0], "bins": [-0.0003681434318423271, -0.0003211261355318129, -0.00027410881011746824, -0.0002270914992550388, -0.00018007418839260936, -0.00013305687753017992, -8.603956666775048e-05, -3.902224125340581e-05, 7.995055057108402e-06, 5.501236591953784e-05, 0.00010202967678196728, 0.00014904698764439672, 0.00019606429850682616, 0.0002430816093692556, 0.00029009892023168504, 0.0003371162456460297, 0.0003841335419565439, 0.00043115083826705813, 0.0004781681636814028, 0.0005251854890957475, 0.0005722027854062617, 0.0006192200817167759, 0.000666237436234951, 0.0007132547325454652, 0.0007602720288559794, 0.0008072893251664937, 0.0008543066214770079, 0.000901323975995183, 0.0009483412723056972, 0.0009953585686162114, 0.0010423759231343865, 0.0010893931612372398, 0.001136410515755415, 0.00118342787027359, 0.0012304451083764434, 0.0012774624628946185, 0.0013244797009974718, 0.001371497055515647, 0.001418514410033822, 0.0014655317645519972, 0.0015125490026548505, 0.0015595663571730256, 0.001606583595275879, 0.001653600949794054, 0.0017006183043122292, 0.0017476355424150825, 0.0017946528969332576, 0.0018416701350361109, 0.001888687489554286, 0.0019357048440724611, 0.0019827221985906363, 0.0020297393202781677, 0.002076756674796343, 0.002123774029314518, 0.002170791383832693, 0.0022178087383508682, 0.0022648260928690434, 0.0023118434473872185, 0.0023588608019053936, 0.002405877923592925, 0.0024528952781111, 0.0024999126326292753, 0.0025469299871474504, 0.0025939473416656256, 0.002640964463353157]}, "gradients/hidden_layers.2.linear.bias": {"_type": "histogram", "values": [1.0, 0.0, 0.0, 0.0, 0.0, 0.0, 0.0, 0.0, 0.0, 0.0, 1.0, 0.0, 0.0, 0.0, 0.0, 1.0, 0.0, 0.0, 0.0, 1.0, 0.0, 0.0, 0.0, 0.0, 0.0, 1.0, 1.0, 2.0, 0.0, 1.0, 1.0, 0.0, 1.0, 0.0, 1.0, 0.0, 0.0, 1.0, 0.0, 1.0, 0.0, 0.0, 1.0, 0.0, 0.0, 0.0, 0.0, 0.0, 0.0, 0.0, 0.0, 0.0, 0.0, 0.0, 0.0, 0.0, 0.0, 0.0, 0.0, 0.0, 0.0, 0.0, 0.0, 1.0], "bins": [-0.0009562505874782801, -0.000927067652810365, -0.0008978847181424499, -0.0008687017834745347, -0.0008395188488066196, -0.0008103359141387045, -0.0007811529794707894, -0.0007519700448028743, -0.0007227871101349592, -0.0006936041754670441, -0.000664421240799129, -0.0006352383061312139, -0.0006060553714632988, -0.0005768724367953837, -0.0005476895021274686, -0.0005185065674595535, -0.0004893236327916384, -0.00046014069812372327, -0.00043095776345580816, -0.00040177482878789306, -0.00037259189411997795, -0.00034340895945206285, -0.00031422602478414774, -0.00028504309011623263, -0.00025586015544831753, -0.00022667722078040242, -0.00019749428611248732, -0.0001683113514445722, -0.0001391284167766571, -0.000109945482108742, -8.076254744082689e-05, -5.157961277291179e-05, -2.239667810499668e-05, 6.786256562918425e-06, 3.596919123083353e-05, 6.515212589874864e-05, 9.433506056666374e-05, 0.00012351799523457885, 0.00015270092990249395, 0.00018188386457040906, 0.00021106679923832417, 0.00024024973390623927, 0.0002694326685741544, 0.0002986156032420695, 0.0003277985379099846, 0.0003569814725778997, 0.0003861644072458148, 0.0004153473419137299, 0.000444530276581645, 0.0004737132112495601, 0.0005028961459174752, 0.0005320790805853903, 0.0005612620152533054, 0.0005904449499212205, 0.0006196278845891356, 0.0006488108192570508, 0.0006779937539249659, 0.000707176688592881, 0.0007363596232607961, 0.0007655425579287112, 0.0007947254925966263, 0.0008239084272645414, 0.0008530913619324565, 0.0008822742966003716, 0.0009114572312682867]}, "gradients/hidden_layers.2.linear.weight": {"_type": "histogram", "values": [1.0, 0.0, 0.0, 1.0, 1.0, 1.0, 0.0, 1.0, 1.0, 0.0, 2.0, 2.0, 2.0, 3.0, 4.0, 2.0, 4.0, 4.0, 10.0, 8.0, 6.0, 15.0, 13.0, 12.0, 21.0, 25.0, 12.0, 33.0, 30.0, 91.0, 37.0, 24.0, 32.0, 23.0, 14.0, 15.0, 8.0, 7.0, 8.0, 5.0, 8.0, 3.0, 1.0, 6.0, 3.0, 1.0, 3.0, 1.0, 2.0, 1.0, 0.0, 0.0, 1.0, 0.0, 0.0, 0.0, 0.0, 1.0, 0.0, 0.0, 1.0, 0.0, 0.0, 2.0],